dataset,seed,norm_mode,graph_mode,encoder_mode,relation_mode,train_protocol,train_acc,test_acc,final_epoch,num_train,num_test,num_channels,seq_len,num_classes
condition,0,train_global,no_graph,current,lowN_channel_attn,train_all_fixed_100,0.344104,0.342404,100,1764,441,17,60,3
condition,1,train_global,no_graph,current,lowN_channel_attn,train_all_fixed_100,0.673469,0.671202,100,1764,441,17,60,3
condition,2,train_global,no_graph,current,lowN_channel_attn,train_all_fixed_100,0.501134,0.492063,100,1764,441,17,60,3
condition,3,train_global,no_graph,current,lowN_channel_attn,train_all_fixed_100,0.329932,0.331066,100,1764,441,17,60,3
condition,4,train_global,no_graph,current,lowN_channel_attn,train_all_fixed_100,0.331066,0.331066,100,1764,441,17,60,3
FingerMovements,0,train_global,no_graph,current,lowN_channel_attn,train_all_fixed_100,0.775316,0.540000,100,316,100,28,50,2
FingerMovements,1,train_global,no_graph,current,lowN_channel_attn,train_all_fixed_100,0.803797,0.520000,100,316,100,28,50,2
FingerMovements,2,train_global,no_graph,current,lowN_channel_attn,train_all_fixed_100,0.810127,0.510000,100,316,100,28,50,2
FingerMovements,3,train_global,no_graph,current,lowN_channel_attn,train_all_fixed_100,0.756329,0.540000,100,316,100,28,50,2
FingerMovements,4,train_global,no_graph,current,lowN_channel_attn,train_all_fixed_100,0.775316,0.540000,100,316,100,28,50,2
NATOPS,0,train_global,no_graph,current,lowN_channel_attn,train_all_fixed_100,0.916667,0.866667,100,180,180,24,51,6
NATOPS,1,train_global,no_graph,current,lowN_channel_attn,train_all_fixed_100,0.883333,0.844444,100,180,180,24,51,6
NATOPS,2,train_global,no_graph,current,lowN_channel_attn,train_all_fixed_100,0.883333,0.855556,100,180,180,24,51,6
NATOPS,3,train_global,no_graph,current,lowN_channel_attn,train_all_fixed_100,0.883333,0.827778,100,180,180,24,51,6
NATOPS,4,train_global,no_graph,current,lowN_channel_attn,train_all_fixed_100,0.916667,0.861111,100,180,180,24,51,6
Epilepsy,0,train_global,no_graph,current,lowN_channel_attn,train_all_fixed_100,0.992701,0.949275,100,137,138,3,206,4
Epilepsy,1,train_global,no_graph,current,lowN_channel_attn,train_all_fixed_100,0.992701,0.992754,100,137,138,3,206,4
Epilepsy,2,train_global,no_graph,current,lowN_channel_attn,train_all_fixed_100,0.992701,0.963768,100,137,138,3,206,4
Epilepsy,3,train_global,no_graph,current,lowN_channel_attn,train_all_fixed_100,0.992701,0.971014,100,137,138,3,206,4
Epilepsy,4,train_global,no_graph,current,lowN_channel_attn,train_all_fixed_100,1.000000,0.956522,100,137,138,3,206,4
BasicMotions,0,train_global,no_graph,current,lowN_channel_attn,train_all_fixed_100,1.000000,1.000000,100,40,40,6,100,4
BasicMotions,1,train_global,no_graph,current,lowN_channel_attn,train_all_fixed_100,1.000000,1.000000,100,40,40,6,100,4
BasicMotions,2,train_global,no_graph,current,lowN_channel_attn,train_all_fixed_100,1.000000,1.000000,100,40,40,6,100,4
BasicMotions,3,train_global,no_graph,current,lowN_channel_attn,train_all_fixed_100,1.000000,1.000000,100,40,40,6,100,4
BasicMotions,4,train_global,no_graph,current,lowN_channel_attn,train_all_fixed_100,1.000000,1.000000,100,40,40,6,100,4
HandMovementDirection,0,train_global,no_graph,current,lowN_channel_attn,train_all_fixed_100,0.543750,0.418919,100,160,74,10,400,4
HandMovementDirection,1,train_global,no_graph,current,lowN_channel_attn,train_all_fixed_100,0.506250,0.418919,100,160,74,10,400,4
HandMovementDirection,2,train_global,no_graph,current,lowN_channel_attn,train_all_fixed_100,0.550000,0.337838,100,160,74,10,400,4
HandMovementDirection,3,train_global,no_graph,current,lowN_channel_attn,train_all_fixed_100,0.568750,0.418919,100,160,74,10,400,4
HandMovementDirection,4,train_global,no_graph,current,lowN_channel_attn,train_all_fixed_100,0.568750,0.364865,100,160,74,10,400,4
SelfRegulationSCP2,0,train_global,no_graph,current,lowN_channel_attn,train_all_fixed_100,0.650000,0.527778,100,200,180,7,1152,2
SelfRegulationSCP2,1,train_global,no_graph,current,lowN_channel_attn,train_all_fixed_100,0.645000,0.516667,100,200,180,7,1152,2
SelfRegulationSCP2,2,train_global,no_graph,current,lowN_channel_attn,train_all_fixed_100,0.650000,0.538889,100,200,180,7,1152,2
SelfRegulationSCP2,3,train_global,no_graph,current,lowN_channel_attn,train_all_fixed_100,0.625000,0.550000,100,200,180,7,1152,2
SelfRegulationSCP2,4,train_global,no_graph,current,lowN_channel_attn,train_all_fixed_100,0.655000,0.505556,100,200,180,7,1152,2
ERing,0,train_global,no_graph,current,lowN_channel_attn,train_all_fixed_100,1.000000,0.940741,100,30,270,4,65,6
ERing,1,train_global,no_graph,current,lowN_channel_attn,train_all_fixed_100,0.966667,0.962963,100,30,270,4,65,6
ERing,2,train_global,no_graph,current,lowN_channel_attn,train_all_fixed_100,0.966667,0.944444,100,30,270,4,65,6
ERing,3,train_global,no_graph,current,lowN_channel_attn,train_all_fixed_100,1.000000,0.933333,100,30,270,4,65,6
ERing,4,train_global,no_graph,current,lowN_channel_attn,train_all_fixed_100,1.000000,0.900000,100,30,270,4,65,6
UWaveGestureLibrary,0,train_global,no_graph,current,lowN_channel_attn,train_all_fixed_100,0.883333,0.743750,100,120,320,3,315,8
UWaveGestureLibrary,1,train_global,no_graph,current,lowN_channel_attn,train_all_fixed_100,0.908333,0.765625,100,120,320,3,315,8
UWaveGestureLibrary,2,train_global,no_graph,current,lowN_channel_attn,train_all_fixed_100,0.883333,0.687500,100,120,320,3,315,8
UWaveGestureLibrary,3,train_global,no_graph,current,lowN_channel_attn,train_all_fixed_100,0.900000,0.700000,100,120,320,3,315,8
UWaveGestureLibrary,4,train_global,no_graph,current,lowN_channel_attn,train_all_fixed_100,0.841667,0.650000,100,120,320,3,315,8
Cricket,0,train_global,no_graph,current,lowN_channel_attn,train_all_fixed_100,0.925926,0.847222,100,108,72,6,1197,12
Cricket,1,train_global,no_graph,current,lowN_channel_attn,train_all_fixed_100,0.861111,0.833333,100,108,72,6,1197,12
Cricket,2,train_global,no_graph,current,lowN_channel_attn,train_all_fixed_100,0.972222,0.888889,100,108,72,6,1197,12
Cricket,3,train_global,no_graph,current,lowN_channel_attn,train_all_fixed_100,0.898148,0.847222,100,108,72,6,1197,12
Cricket,4,train_global,no_graph,current,lowN_channel_attn,train_all_fixed_100,0.870370,0.861111,100,108,72,6,1197,12
Libras,0,train_global,no_graph,current,lowN_channel_attn,train_all_fixed_100,0.816667,0.694444,100,180,180,2,45,15
Libras,1,train_global,no_graph,current,lowN_channel_attn,train_all_fixed_100,0.822222,0.672222,100,180,180,2,45,15
Libras,2,train_global,no_graph,current,lowN_channel_attn,train_all_fixed_100,0.772222,0.644444,100,180,180,2,45,15
Libras,3,train_global,no_graph,current,lowN_channel_attn,train_all_fixed_100,0.777778,0.644444,100,180,180,2,45,15
Libras,4,train_global,no_graph,current,lowN_channel_attn,train_all_fixed_100,0.794444,0.672222,100,180,180,2,45,15
AtrialFibrillation,0,train_global,no_graph,current,lowN_channel_attn,train_all_fixed_100,1.000000,0.400000,100,15,15,2,640,3
AtrialFibrillation,1,train_global,no_graph,current,lowN_channel_attn,train_all_fixed_100,1.000000,0.266667,100,15,15,2,640,3
AtrialFibrillation,2,train_global,no_graph,current,lowN_channel_attn,train_all_fixed_100,1.000000,0.266667,100,15,15,2,640,3
AtrialFibrillation,3,train_global,no_graph,current,lowN_channel_attn,train_all_fixed_100,1.000000,0.266667,100,15,15,2,640,3
AtrialFibrillation,4,train_global,no_graph,current,lowN_channel_attn,train_all_fixed_100,1.000000,0.400000,100,15,15,2,640,3
