dataset,seed,epoch,train_loss,train_acc
condition,0,1,1.098192,0.336168
condition,0,10,1.091308,0.336168
condition,0,25,1.071446,0.529478
condition,0,50,0.991234,0.332200
condition,0,75,0.959573,0.340136
condition,0,100,0.835680,0.344104
condition,1,1,1.097501,0.594671
condition,1,10,1.091122,0.336168
condition,1,25,1.068679,0.339002
condition,1,50,0.847260,0.671202
condition,1,75,0.801305,0.333333
condition,1,100,0.579182,0.673469
condition,2,1,1.099265,0.051587
condition,2,10,1.096900,0.336168
condition,2,25,1.081790,0.484127
condition,2,50,0.945063,0.647392
condition,2,75,0.872715,0.349206
condition,2,100,0.730126,0.501134
condition,3,1,1.101550,0.331633
condition,3,10,1.094384,0.336168
condition,3,25,1.078298,0.336168
condition,3,50,0.868571,0.859977
condition,3,75,1.010168,0.329932
condition,3,100,1.636721,0.329932
condition,4,1,1.099349,0.336168
condition,4,10,1.095130,0.480726
condition,4,25,1.080471,0.666100
condition,4,50,1.019397,0.369615
condition,4,75,1.643456,0.331066
condition,4,100,2.423373,0.331066
FingerMovements,0,1,0.702577,0.503165
FingerMovements,0,10,0.690301,0.515823
FingerMovements,0,25,0.678496,0.639241
FingerMovements,0,50,0.648869,0.661392
FingerMovements,0,75,0.599209,0.715190
FingerMovements,0,100,0.508334,0.775316
FingerMovements,1,1,0.691044,0.512658
FingerMovements,1,10,0.684803,0.610759
FingerMovements,1,25,0.670239,0.648734
FingerMovements,1,50,0.630397,0.674051
FingerMovements,1,75,0.544666,0.743671
FingerMovements,1,100,0.420805,0.803797
FingerMovements,2,1,0.692371,0.544304
FingerMovements,2,10,0.687351,0.607595
FingerMovements,2,25,0.674468,0.639241
FingerMovements,2,50,0.639747,0.680380
FingerMovements,2,75,0.558730,0.734177
FingerMovements,2,100,0.431867,0.810127
FingerMovements,3,1,0.694024,0.503165
FingerMovements,3,10,0.688552,0.626582
FingerMovements,3,25,0.676855,0.632911
FingerMovements,3,50,0.645894,0.651899
FingerMovements,3,75,0.600598,0.686709
FingerMovements,3,100,0.500903,0.756329
FingerMovements,4,1,0.695077,0.503165
FingerMovements,4,10,0.689035,0.569620
FingerMovements,4,25,0.678419,0.645570
FingerMovements,4,50,0.646041,0.661392
FingerMovements,4,75,0.589837,0.689873
FingerMovements,4,100,0.492893,0.775316
NATOPS,0,1,1.798689,0.161111
NATOPS,0,10,1.752579,0.355556
NATOPS,0,25,1.602479,0.627778
NATOPS,0,50,1.025414,0.766667
NATOPS,0,75,0.634914,0.861111
NATOPS,0,100,0.385669,0.916667
NATOPS,1,1,1.791561,0.166667
NATOPS,1,10,1.738858,0.366667
NATOPS,1,25,1.547827,0.611111
NATOPS,1,50,0.956578,0.772222
NATOPS,1,75,0.570585,0.866667
NATOPS,1,100,0.342124,0.883333
NATOPS,2,1,1.798272,0.166667
NATOPS,2,10,1.756508,0.477778
NATOPS,2,25,1.616216,0.594444
NATOPS,2,50,1.064598,0.644444
NATOPS,2,75,0.647155,0.861111
NATOPS,2,100,0.376261,0.883333
NATOPS,3,1,1.807386,0.172222
NATOPS,3,10,1.752719,0.405556
NATOPS,3,25,1.596318,0.511111
NATOPS,3,50,1.074152,0.666667
NATOPS,3,75,0.686045,0.850000
NATOPS,3,100,0.398764,0.883333
NATOPS,4,1,1.801343,0.166667
NATOPS,4,10,1.753282,0.311111
NATOPS,4,25,1.579976,0.633333
NATOPS,4,50,1.067514,0.677778
NATOPS,4,75,0.737770,0.844444
NATOPS,4,100,0.452725,0.916667
Epilepsy,0,1,1.390234,0.262774
Epilepsy,0,10,1.299075,0.605839
Epilepsy,0,25,0.997775,0.868613
Epilepsy,0,50,0.401635,0.985401
Epilepsy,0,75,0.111876,0.992701
Epilepsy,0,100,0.039598,0.992701
Epilepsy,1,1,1.389341,0.218978
Epilepsy,1,10,1.233899,0.686131
Epilepsy,1,25,0.899626,0.919708
Epilepsy,1,50,0.394704,0.970803
Epilepsy,1,75,0.138896,0.992701
Epilepsy,1,100,0.045956,0.992701
Epilepsy,2,1,1.361470,0.270073
Epilepsy,2,10,1.264936,0.554745
Epilepsy,2,25,0.940748,0.766423
Epilepsy,2,50,0.428699,0.941606
Epilepsy,2,75,0.154360,0.978102
Epilepsy,2,100,0.047289,0.992701
Epilepsy,3,1,1.394358,0.204380
Epilepsy,3,10,1.278080,0.540146
Epilepsy,3,25,0.970937,0.890511
Epilepsy,3,50,0.443907,0.956204
Epilepsy,3,75,0.156884,0.992701
Epilepsy,3,100,0.052345,0.992701
Epilepsy,4,1,1.401053,0.218978
Epilepsy,4,10,1.294556,0.518248
Epilepsy,4,25,0.946681,0.927007
Epilepsy,4,50,0.393613,0.956204
Epilepsy,4,75,0.127243,0.992701
Epilepsy,4,100,0.041098,1.000000
BasicMotions,0,1,1.381248,0.250000
BasicMotions,0,10,1.266682,0.725000
BasicMotions,0,25,1.011380,0.750000
BasicMotions,0,50,0.519214,1.000000
BasicMotions,0,75,0.179072,1.000000
BasicMotions,0,100,0.047138,1.000000
BasicMotions,1,1,1.383702,0.250000
BasicMotions,1,10,1.265675,0.775000
BasicMotions,1,25,1.012541,0.800000
BasicMotions,1,50,0.521412,1.000000
BasicMotions,1,75,0.157252,1.000000
BasicMotions,1,100,0.041803,1.000000
BasicMotions,2,1,1.389640,0.250000
BasicMotions,2,10,1.277082,0.550000
BasicMotions,2,25,1.051600,0.925000
BasicMotions,2,50,0.605305,1.000000
BasicMotions,2,75,0.239175,1.000000
BasicMotions,2,100,0.063943,1.000000
BasicMotions,3,1,1.403777,0.250000
BasicMotions,3,10,1.299254,0.975000
BasicMotions,3,25,1.084181,0.950000
BasicMotions,3,50,0.605178,0.950000
BasicMotions,3,75,0.258287,1.000000
BasicMotions,3,100,0.079274,1.000000
BasicMotions,4,1,1.381044,0.400000
BasicMotions,4,10,1.257205,0.725000
BasicMotions,4,25,0.987361,0.750000
BasicMotions,4,50,0.529747,1.000000
BasicMotions,4,75,0.228473,1.000000
BasicMotions,4,100,0.069607,1.000000
HandMovementDirection,0,1,1.387632,0.293750
HandMovementDirection,0,10,1.379188,0.300000
HandMovementDirection,0,25,1.366298,0.387500
HandMovementDirection,0,50,1.332623,0.468750
HandMovementDirection,0,75,1.259949,0.493750
HandMovementDirection,0,100,1.116305,0.543750
HandMovementDirection,1,1,1.392765,0.250000
HandMovementDirection,1,10,1.380538,0.331250
HandMovementDirection,1,25,1.368727,0.431250
HandMovementDirection,1,50,1.341455,0.450000
HandMovementDirection,1,75,1.291242,0.462500
HandMovementDirection,1,100,1.174134,0.506250
HandMovementDirection,2,1,1.386633,0.256250
HandMovementDirection,2,10,1.379711,0.300000
HandMovementDirection,2,25,1.368104,0.400000
HandMovementDirection,2,50,1.338215,0.412500
HandMovementDirection,2,75,1.282627,0.506250
HandMovementDirection,2,100,1.167350,0.550000
HandMovementDirection,3,1,1.387204,0.250000
HandMovementDirection,3,10,1.379086,0.325000
HandMovementDirection,3,25,1.365191,0.387500
HandMovementDirection,3,50,1.331187,0.425000
HandMovementDirection,3,75,1.256133,0.531250
HandMovementDirection,3,100,1.102535,0.568750
HandMovementDirection,4,1,1.389731,0.250000
HandMovementDirection,4,10,1.379444,0.350000
HandMovementDirection,4,25,1.367925,0.331250
HandMovementDirection,4,50,1.335595,0.468750
HandMovementDirection,4,75,1.270714,0.518750
HandMovementDirection,4,100,1.140367,0.568750
SelfRegulationSCP2,0,1,0.693158,0.515000
SelfRegulationSCP2,0,10,0.688062,0.590000
SelfRegulationSCP2,0,25,0.682863,0.580000
SelfRegulationSCP2,0,50,0.675529,0.615000
SelfRegulationSCP2,0,75,0.667324,0.630000
SelfRegulationSCP2,0,100,0.655269,0.650000
SelfRegulationSCP2,1,1,0.697755,0.500000
SelfRegulationSCP2,1,10,0.687615,0.550000
SelfRegulationSCP2,1,25,0.684141,0.570000
SelfRegulationSCP2,1,50,0.676819,0.590000
SelfRegulationSCP2,1,75,0.668277,0.615000
SelfRegulationSCP2,1,100,0.656434,0.645000
SelfRegulationSCP2,2,1,0.691963,0.560000
SelfRegulationSCP2,2,10,0.686669,0.545000
SelfRegulationSCP2,2,25,0.680910,0.565000
SelfRegulationSCP2,2,50,0.673392,0.600000
SelfRegulationSCP2,2,75,0.664170,0.625000
SelfRegulationSCP2,2,100,0.650897,0.650000
SelfRegulationSCP2,3,1,0.696991,0.500000
SelfRegulationSCP2,3,10,0.689612,0.505000
SelfRegulationSCP2,3,25,0.683717,0.580000
SelfRegulationSCP2,3,50,0.676621,0.600000
SelfRegulationSCP2,3,75,0.670349,0.625000
SelfRegulationSCP2,3,100,0.660652,0.625000
SelfRegulationSCP2,4,1,0.693481,0.450000
SelfRegulationSCP2,4,10,0.687725,0.575000
SelfRegulationSCP2,4,25,0.681245,0.565000
SelfRegulationSCP2,4,50,0.672787,0.615000
SelfRegulationSCP2,4,75,0.662653,0.635000
SelfRegulationSCP2,4,100,0.649835,0.655000
ERing,0,1,1.799746,0.133333
ERing,0,10,1.769500,0.200000
ERing,0,25,1.666413,0.300000
ERing,0,50,1.175825,0.766667
ERing,0,75,0.617291,1.000000
ERing,0,100,0.241562,1.000000
ERing,1,1,1.796933,0.166667
ERing,1,10,1.755169,0.200000
ERing,1,25,1.658551,0.266667
ERing,1,50,1.211294,0.733333
ERing,1,75,0.634810,0.933333
ERing,1,100,0.295971,0.966667
ERing,2,1,1.792971,0.166667
ERing,2,10,1.761923,0.300000
ERing,2,25,1.603169,0.433333
ERing,2,50,1.075827,0.766667
ERing,2,75,0.576129,0.966667
ERing,2,100,0.227529,0.966667
ERing,3,1,1.782474,0.166667
ERing,3,10,1.736071,0.566667
ERing,3,25,1.584761,0.533333
ERing,3,50,1.100040,0.900000
ERing,3,75,0.636334,0.966667
ERing,3,100,0.283222,1.000000
ERing,4,1,1.793314,0.166667
ERing,4,10,1.746258,0.333333
ERing,4,25,1.572064,0.533333
ERing,4,50,1.064673,0.833333
ERing,4,75,0.582420,0.966667
ERing,4,100,0.259902,1.000000
UWaveGestureLibrary,0,1,2.079637,0.125000
UWaveGestureLibrary,0,10,2.064079,0.175000
UWaveGestureLibrary,0,25,2.036983,0.200000
UWaveGestureLibrary,0,50,1.737179,0.608333
UWaveGestureLibrary,0,75,1.128504,0.808333
UWaveGestureLibrary,0,100,0.643365,0.883333
UWaveGestureLibrary,1,1,2.084173,0.158333
UWaveGestureLibrary,1,10,2.075225,0.125000
UWaveGestureLibrary,1,25,1.995040,0.150000
UWaveGestureLibrary,1,50,1.596107,0.583333
UWaveGestureLibrary,1,75,1.105676,0.775000
UWaveGestureLibrary,1,100,0.625680,0.908333
UWaveGestureLibrary,2,1,2.088029,0.125000
UWaveGestureLibrary,2,10,2.065288,0.150000
UWaveGestureLibrary,2,25,2.012038,0.275000
UWaveGestureLibrary,2,50,1.598912,0.616667
UWaveGestureLibrary,2,75,1.096040,0.800000
UWaveGestureLibrary,2,100,0.693534,0.883333
UWaveGestureLibrary,3,1,2.082271,0.125000
UWaveGestureLibrary,3,10,2.068049,0.191667
UWaveGestureLibrary,3,25,2.028906,0.250000
UWaveGestureLibrary,3,50,1.670696,0.616667
UWaveGestureLibrary,3,75,1.212868,0.683333
UWaveGestureLibrary,3,100,0.590863,0.900000
UWaveGestureLibrary,4,1,2.078810,0.125000
UWaveGestureLibrary,4,10,2.060768,0.133333
UWaveGestureLibrary,4,25,2.016171,0.225000
UWaveGestureLibrary,4,50,1.671832,0.566667
UWaveGestureLibrary,4,75,1.151482,0.775000
UWaveGestureLibrary,4,100,0.675257,0.841667
Cricket,0,1,2.487149,0.083333
Cricket,0,10,2.455146,0.222222
Cricket,0,25,2.373728,0.555556
Cricket,0,50,2.072059,0.509259
Cricket,0,75,1.475366,0.759259
Cricket,0,100,0.905174,0.925926
Cricket,1,1,2.498321,0.037037
Cricket,1,10,2.461069,0.157407
Cricket,1,25,2.389801,0.351852
Cricket,1,50,2.144001,0.629630
Cricket,1,75,1.576989,0.712963
Cricket,1,100,0.903505,0.861111
Cricket,2,1,2.486723,0.092593
Cricket,2,10,2.445591,0.138889
Cricket,2,25,2.349945,0.592593
Cricket,2,50,1.936187,0.555556
Cricket,2,75,1.356899,0.759259
Cricket,2,100,0.834690,0.972222
Cricket,3,1,2.489038,0.092593
Cricket,3,10,2.450250,0.166667
Cricket,3,25,2.369590,0.444444
Cricket,3,50,2.010014,0.611111
Cricket,3,75,1.436520,0.750000
Cricket,3,100,0.871823,0.898148
Cricket,4,1,2.508535,0.083333
Cricket,4,10,2.455307,0.166667
Cricket,4,25,2.378034,0.490741
Cricket,4,50,2.140790,0.768519
Cricket,4,75,1.510689,0.731481
Cricket,4,100,0.806776,0.870370
Libras,0,1,2.716146,0.066667
Libras,0,10,2.659914,0.127778
Libras,0,25,2.516676,0.300000
Libras,0,50,2.069602,0.600000
Libras,0,75,1.495552,0.694444
Libras,0,100,0.986515,0.816667
Libras,1,1,2.715495,0.050000
Libras,1,10,2.674569,0.100000
Libras,1,25,2.543288,0.227778
Libras,1,50,2.061103,0.588889
Libras,1,75,1.523415,0.727778
Libras,1,100,1.005571,0.822222
Libras,2,1,2.727343,0.116667
Libras,2,10,2.675915,0.122222
Libras,2,25,2.536863,0.283333
Libras,2,50,2.085270,0.583333
Libras,2,75,1.531404,0.672222
Libras,2,100,1.058648,0.772222
Libras,3,1,2.706539,0.122222
Libras,3,10,2.659879,0.216667
Libras,3,25,2.524132,0.311111
Libras,3,50,2.077608,0.488889
Libras,3,75,1.547683,0.694444
Libras,3,100,1.045551,0.777778
Libras,4,1,2.707236,0.105556
Libras,4,10,2.660399,0.105556
Libras,4,25,2.486927,0.238889
Libras,4,50,2.008309,0.550000
Libras,4,75,1.511847,0.738889
Libras,4,100,1.064078,0.794444
AtrialFibrillation,0,1,1.092923,0.400000
AtrialFibrillation,0,10,1.061921,0.400000
AtrialFibrillation,0,25,0.935876,0.733333
AtrialFibrillation,0,50,0.617656,0.933333
AtrialFibrillation,0,75,0.263157,1.000000
AtrialFibrillation,0,100,0.078311,1.000000
AtrialFibrillation,1,1,1.105641,0.333333
AtrialFibrillation,1,10,1.058092,0.733333
AtrialFibrillation,1,25,0.924317,0.600000
AtrialFibrillation,1,50,0.607868,1.000000
AtrialFibrillation,1,75,0.300985,1.000000
AtrialFibrillation,1,100,0.114104,1.000000
AtrialFibrillation,2,1,1.112221,0.333333
AtrialFibrillation,2,10,1.076939,0.466667
AtrialFibrillation,2,25,0.996025,0.600000
AtrialFibrillation,2,50,0.716139,0.866667
AtrialFibrillation,2,75,0.378782,1.000000
AtrialFibrillation,2,100,0.128466,1.000000
AtrialFibrillation,3,1,1.099725,0.333333
AtrialFibrillation,3,10,1.072039,0.333333
AtrialFibrillation,3,25,0.954908,0.733333
AtrialFibrillation,3,50,0.714302,0.800000
AtrialFibrillation,3,75,0.430125,0.866667
AtrialFibrillation,3,100,0.207169,1.000000
AtrialFibrillation,4,1,1.093222,0.333333
AtrialFibrillation,4,10,1.073365,0.400000
AtrialFibrillation,4,25,0.930957,0.666667
AtrialFibrillation,4,50,0.558277,1.000000
AtrialFibrillation,4,75,0.247141,1.000000
AtrialFibrillation,4,100,0.079098,1.000000
