dataset,seed,norm_mode,graph_mode,encoder_mode,relation_mode,train_protocol,train_acc,val_acc,test_acc,best_val_acc,best_epoch,final_epoch,num_train_used_for_loss,num_val,num_test,num_channels,seq_len,num_classes
BasicMotions,0,train_global,no_graph,current,hgnn_zero,current_split,0.781250,1.000000,0.800000,1.000000,1,1,32,8,40,6,100,4
BasicMotions,1,train_global,no_graph,current,hgnn_zero,current_split,1.000000,1.000000,0.975000,1.000000,1,1,32,8,40,6,100,4
BasicMotions,2,train_global,no_graph,current,hgnn_zero,current_split,0.968750,1.000000,0.875000,1.000000,1,1,32,8,40,6,100,4
BasicMotions,0,train_global,no_graph,current,hgnn_zero,stratified_split,1.000000,1.000000,0.975000,1.000000,1,1,32,8,40,6,100,4
BasicMotions,1,train_global,no_graph,current,hgnn_zero,stratified_split,0.968750,1.000000,0.850000,1.000000,1,1,32,8,40,6,100,4
BasicMotions,2,train_global,no_graph,current,hgnn_zero,stratified_split,0.968750,1.000000,0.875000,1.000000,1,1,32,8,40,6,100,4
BasicMotions,0,train_global,no_graph,current,hgnn_zero,retrain_trainval,0.250000,1.000000,0.250000,1.000000,1,1,40,8,40,6,100,4
BasicMotions,1,train_global,no_graph,current,hgnn_zero,retrain_trainval,0.250000,1.000000,0.250000,1.000000,1,1,40,8,40,6,100,4
BasicMotions,2,train_global,no_graph,current,hgnn_zero,retrain_trainval,0.250000,1.000000,0.250000,1.000000,1,1,40,8,40,6,100,4
BasicMotions,0,train_global,no_graph,current,hgnn_zero,train_all_fixed_50,1.000000,nan,1.000000,nan,nan,50,40,0,40,6,100,4
BasicMotions,1,train_global,no_graph,current,hgnn_zero,train_all_fixed_50,1.000000,nan,0.975000,nan,nan,50,40,0,40,6,100,4
BasicMotions,2,train_global,no_graph,current,hgnn_zero,train_all_fixed_50,1.000000,nan,1.000000,nan,nan,50,40,0,40,6,100,4
BasicMotions,0,train_global,no_graph,current,hgnn_zero,train_all_fixed_100,1.000000,nan,1.000000,nan,nan,100,40,0,40,6,100,4
BasicMotions,1,train_global,no_graph,current,hgnn_zero,train_all_fixed_100,1.000000,nan,1.000000,nan,nan,100,40,0,40,6,100,4
BasicMotions,2,train_global,no_graph,current,hgnn_zero,train_all_fixed_100,1.000000,nan,1.000000,nan,nan,100,40,0,40,6,100,4
BasicMotions,0,train_global,no_graph,current,lowN_channel_attn,current_split,0.781250,1.000000,0.800000,1.000000,1,1,32,8,40,6,100,4
BasicMotions,1,train_global,no_graph,current,lowN_channel_attn,current_split,1.000000,1.000000,0.975000,1.000000,1,1,32,8,40,6,100,4
BasicMotions,2,train_global,no_graph,current,lowN_channel_attn,current_split,0.968750,1.000000,0.875000,1.000000,1,1,32,8,40,6,100,4
BasicMotions,0,train_global,no_graph,current,lowN_channel_attn,stratified_split,1.000000,1.000000,0.975000,1.000000,1,1,32,8,40,6,100,4
BasicMotions,1,train_global,no_graph,current,lowN_channel_attn,stratified_split,0.968750,1.000000,0.850000,1.000000,1,1,32,8,40,6,100,4
BasicMotions,2,train_global,no_graph,current,lowN_channel_attn,stratified_split,0.968750,1.000000,0.875000,1.000000,1,1,32,8,40,6,100,4
BasicMotions,0,train_global,no_graph,current,lowN_channel_attn,retrain_trainval,0.250000,1.000000,0.250000,1.000000,1,1,40,8,40,6,100,4
BasicMotions,1,train_global,no_graph,current,lowN_channel_attn,retrain_trainval,0.250000,1.000000,0.250000,1.000000,1,1,40,8,40,6,100,4
BasicMotions,2,train_global,no_graph,current,lowN_channel_attn,retrain_trainval,0.250000,1.000000,0.250000,1.000000,1,1,40,8,40,6,100,4
BasicMotions,0,train_global,no_graph,current,lowN_channel_attn,train_all_fixed_50,1.000000,nan,1.000000,nan,nan,50,40,0,40,6,100,4
BasicMotions,1,train_global,no_graph,current,lowN_channel_attn,train_all_fixed_50,1.000000,nan,0.975000,nan,nan,50,40,0,40,6,100,4
BasicMotions,2,train_global,no_graph,current,lowN_channel_attn,train_all_fixed_50,1.000000,nan,1.000000,nan,nan,50,40,0,40,6,100,4
BasicMotions,0,train_global,no_graph,current,lowN_channel_attn,train_all_fixed_100,1.000000,nan,1.000000,nan,nan,100,40,0,40,6,100,4
BasicMotions,1,train_global,no_graph,current,lowN_channel_attn,train_all_fixed_100,1.000000,nan,1.000000,nan,nan,100,40,0,40,6,100,4
BasicMotions,2,train_global,no_graph,current,lowN_channel_attn,train_all_fixed_100,1.000000,nan,1.000000,nan,nan,100,40,0,40,6,100,4
Cricket,0,train_global,no_graph,current,hgnn_zero,current_split,0.689655,0.523810,0.583333,0.523810,2,2,87,21,72,6,1197,12
Cricket,1,train_global,no_graph,current,hgnn_zero,current_split,0.747126,0.571429,0.652778,0.571429,6,6,87,21,72,6,1197,12
Cricket,2,train_global,no_graph,current,hgnn_zero,current_split,0.701149,0.666667,0.680556,0.666667,6,6,87,21,72,6,1197,12
Cricket,0,train_global,no_graph,current,hgnn_zero,stratified_split,0.758621,0.809524,0.611111,0.809524,11,11,87,21,72,6,1197,12
Cricket,1,train_global,no_graph,current,hgnn_zero,stratified_split,0.770115,0.761905,0.652778,0.761905,6,6,87,21,72,6,1197,12
Cricket,2,train_global,no_graph,current,hgnn_zero,stratified_split,0.896552,0.952381,0.888889,0.952381,27,27,87,21,72,6,1197,12
Cricket,0,train_global,no_graph,current,hgnn_zero,retrain_trainval,0.222222,0.809524,0.236111,0.809524,11,11,108,21,72,6,1197,12
Cricket,1,train_global,no_graph,current,hgnn_zero,retrain_trainval,0.120370,0.761905,0.138889,0.761905,6,6,108,21,72,6,1197,12
Cricket,2,train_global,no_graph,current,hgnn_zero,retrain_trainval,0.564815,0.952381,0.541667,0.952381,27,27,108,21,72,6,1197,12
Cricket,0,train_global,no_graph,current,hgnn_zero,train_all_fixed_50,0.509259,nan,0.472222,nan,nan,50,108,0,72,6,1197,12
Cricket,1,train_global,no_graph,current,hgnn_zero,train_all_fixed_50,0.629630,nan,0.652778,nan,nan,50,108,0,72,6,1197,12
Cricket,2,train_global,no_graph,current,hgnn_zero,train_all_fixed_50,0.555556,nan,0.500000,nan,nan,50,108,0,72,6,1197,12
Cricket,0,train_global,no_graph,current,hgnn_zero,train_all_fixed_100,0.925926,nan,0.847222,nan,nan,100,108,0,72,6,1197,12
Cricket,1,train_global,no_graph,current,hgnn_zero,train_all_fixed_100,0.861111,nan,0.833333,nan,nan,100,108,0,72,6,1197,12
Cricket,2,train_global,no_graph,current,hgnn_zero,train_all_fixed_100,0.972222,nan,0.888889,nan,nan,100,108,0,72,6,1197,12
Cricket,0,train_global,no_graph,current,lowN_channel_attn,current_split,0.689655,0.523810,0.583333,0.523810,2,2,87,21,72,6,1197,12
Cricket,1,train_global,no_graph,current,lowN_channel_attn,current_split,0.747126,0.571429,0.652778,0.571429,6,6,87,21,72,6,1197,12
Cricket,2,train_global,no_graph,current,lowN_channel_attn,current_split,0.701149,0.666667,0.680556,0.666667,6,6,87,21,72,6,1197,12
Cricket,0,train_global,no_graph,current,lowN_channel_attn,stratified_split,0.758621,0.809524,0.611111,0.809524,11,11,87,21,72,6,1197,12
Cricket,1,train_global,no_graph,current,lowN_channel_attn,stratified_split,0.770115,0.761905,0.652778,0.761905,6,6,87,21,72,6,1197,12
Cricket,2,train_global,no_graph,current,lowN_channel_attn,stratified_split,0.896552,0.952381,0.888889,0.952381,27,27,87,21,72,6,1197,12
Cricket,0,train_global,no_graph,current,lowN_channel_attn,retrain_trainval,0.222222,0.809524,0.236111,0.809524,11,11,108,21,72,6,1197,12
Cricket,1,train_global,no_graph,current,lowN_channel_attn,retrain_trainval,0.120370,0.761905,0.138889,0.761905,6,6,108,21,72,6,1197,12
Cricket,2,train_global,no_graph,current,lowN_channel_attn,retrain_trainval,0.564815,0.952381,0.541667,0.952381,27,27,108,21,72,6,1197,12
Cricket,0,train_global,no_graph,current,lowN_channel_attn,train_all_fixed_50,0.509259,nan,0.472222,nan,nan,50,108,0,72,6,1197,12
Cricket,1,train_global,no_graph,current,lowN_channel_attn,train_all_fixed_50,0.629630,nan,0.652778,nan,nan,50,108,0,72,6,1197,12
Cricket,2,train_global,no_graph,current,lowN_channel_attn,train_all_fixed_50,0.555556,nan,0.500000,nan,nan,50,108,0,72,6,1197,12
Cricket,0,train_global,no_graph,current,lowN_channel_attn,train_all_fixed_100,0.925926,nan,0.847222,nan,nan,100,108,0,72,6,1197,12
Cricket,1,train_global,no_graph,current,lowN_channel_attn,train_all_fixed_100,0.861111,nan,0.833333,nan,nan,100,108,0,72,6,1197,12
Cricket,2,train_global,no_graph,current,lowN_channel_attn,train_all_fixed_100,0.972222,nan,0.888889,nan,nan,100,108,0,72,6,1197,12
ERing,0,train_global,no_graph,current,hgnn_zero,current_split,0.791667,0.666667,0.685185,0.666667,1,1,24,6,270,4,65,6
ERing,1,train_global,no_graph,current,hgnn_zero,current_split,0.250000,0.166667,0.270370,0.166667,1,1,24,6,270,4,65,6
ERing,2,train_global,no_graph,current,hgnn_zero,current_split,0.250000,0.666667,0.337037,0.666667,1,1,24,6,270,4,65,6
ERing,0,train_global,no_graph,current,hgnn_zero,stratified_split,0.708333,1.000000,0.707407,1.000000,1,1,24,6,270,4,65,6
ERing,1,train_global,no_graph,current,hgnn_zero,stratified_split,0.625000,0.666667,0.637037,0.666667,1,1,24,6,270,4,65,6
ERing,2,train_global,no_graph,current,hgnn_zero,stratified_split,0.791667,1.000000,0.755556,1.000000,1,1,24,6,270,4,65,6
ERing,0,train_global,no_graph,current,hgnn_zero,retrain_trainval,0.166667,1.000000,0.177778,1.000000,1,1,30,6,270,4,65,6
ERing,1,train_global,no_graph,current,hgnn_zero,retrain_trainval,0.166667,0.666667,0.192593,0.666667,1,1,30,6,270,4,65,6
ERing,2,train_global,no_graph,current,hgnn_zero,retrain_trainval,0.166667,1.000000,0.200000,1.000000,1,1,30,6,270,4,65,6
ERing,0,train_global,no_graph,current,hgnn_zero,train_all_fixed_50,0.666667,nan,0.588889,nan,nan,50,30,0,270,4,65,6
ERing,1,train_global,no_graph,current,hgnn_zero,train_all_fixed_50,0.700000,nan,0.674074,nan,nan,50,30,0,270,4,65,6
ERing,2,train_global,no_graph,current,hgnn_zero,train_all_fixed_50,0.866667,nan,0.781481,nan,nan,50,30,0,270,4,65,6
ERing,0,train_global,no_graph,current,hgnn_zero,train_all_fixed_100,0.833333,nan,0.737037,nan,nan,100,30,0,270,4,65,6
ERing,1,train_global,no_graph,current,hgnn_zero,train_all_fixed_100,0.766667,nan,0.740741,nan,nan,100,30,0,270,4,65,6
ERing,2,train_global,no_graph,current,hgnn_zero,train_all_fixed_100,0.833333,nan,0.770370,nan,nan,100,30,0,270,4,65,6
ERing,0,train_global,no_graph,current,lowN_channel_attn,current_split,0.583333,0.666667,0.562963,0.666667,1,1,24,6,270,4,65,6
ERing,1,train_global,no_graph,current,lowN_channel_attn,current_split,0.333333,0.333333,0.296296,0.333333,1,1,24,6,270,4,65,6
ERing,2,train_global,no_graph,current,lowN_channel_attn,current_split,0.416667,0.333333,0.425926,0.333333,1,1,24,6,270,4,65,6
ERing,0,train_global,no_graph,current,lowN_channel_attn,stratified_split,0.541667,0.666667,0.518519,0.666667,1,1,24,6,270,4,65,6
ERing,1,train_global,no_graph,current,lowN_channel_attn,stratified_split,0.541667,0.500000,0.485185,0.500000,2,2,24,6,270,4,65,6
ERing,2,train_global,no_graph,current,lowN_channel_attn,stratified_split,0.750000,0.666667,0.700000,0.666667,1,1,24,6,270,4,65,6
ERing,0,train_global,no_graph,current,lowN_channel_attn,retrain_trainval,0.133333,0.666667,0.137037,0.666667,1,1,30,6,270,4,65,6
ERing,1,train_global,no_graph,current,lowN_channel_attn,retrain_trainval,0.166667,0.500000,0.140741,0.500000,2,2,30,6,270,4,65,6
ERing,2,train_global,no_graph,current,lowN_channel_attn,retrain_trainval,0.166667,0.666667,0.166667,0.666667,1,1,30,6,270,4,65,6
ERing,0,train_global,no_graph,current,lowN_channel_attn,train_all_fixed_50,0.766667,nan,0.740741,nan,nan,50,30,0,270,4,65,6
ERing,1,train_global,no_graph,current,lowN_channel_attn,train_all_fixed_50,0.733333,nan,0.674074,nan,nan,50,30,0,270,4,65,6
ERing,2,train_global,no_graph,current,lowN_channel_attn,train_all_fixed_50,0.766667,nan,0.751852,nan,nan,50,30,0,270,4,65,6
ERing,0,train_global,no_graph,current,lowN_channel_attn,train_all_fixed_100,1.000000,nan,0.940741,nan,nan,100,30,0,270,4,65,6
ERing,1,train_global,no_graph,current,lowN_channel_attn,train_all_fixed_100,0.966667,nan,0.962963,nan,nan,100,30,0,270,4,65,6
ERing,2,train_global,no_graph,current,lowN_channel_attn,train_all_fixed_100,0.966667,nan,0.944444,nan,nan,100,30,0,270,4,65,6
Epilepsy,0,train_global,no_graph,current,hgnn_zero,current_split,0.845455,0.851852,0.797101,0.851852,1,1,110,27,138,3,206,4
Epilepsy,1,train_global,no_graph,current,hgnn_zero,current_split,0.909091,1.000000,0.876812,1.000000,1,1,110,27,138,3,206,4
Epilepsy,2,train_global,no_graph,current,hgnn_zero,current_split,0.881818,0.814815,0.862319,0.814815,1,1,110,27,138,3,206,4
Epilepsy,0,train_global,no_graph,current,hgnn_zero,stratified_split,0.836364,0.777778,0.746377,0.777778,1,1,110,27,138,3,206,4
Epilepsy,1,train_global,no_graph,current,hgnn_zero,stratified_split,0.845455,0.814815,0.855072,0.814815,1,1,110,27,138,3,206,4
Epilepsy,2,train_global,no_graph,current,hgnn_zero,stratified_split,0.945455,0.925926,0.884058,0.925926,1,1,110,27,138,3,206,4
Epilepsy,0,train_global,no_graph,current,hgnn_zero,retrain_trainval,0.167883,0.777778,0.123188,0.777778,1,1,137,27,138,3,206,4
Epilepsy,1,train_global,no_graph,current,hgnn_zero,retrain_trainval,0.248175,0.814815,0.246377,0.814815,1,1,137,27,138,3,206,4
Epilepsy,2,train_global,no_graph,current,hgnn_zero,retrain_trainval,0.218978,0.925926,0.217391,0.925926,1,1,137,27,138,3,206,4
Epilepsy,0,train_global,no_graph,current,hgnn_zero,train_all_fixed_50,0.861314,nan,0.811594,nan,nan,50,137,0,138,3,206,4
Epilepsy,1,train_global,no_graph,current,hgnn_zero,train_all_fixed_50,0.875912,nan,0.884058,nan,nan,50,137,0,138,3,206,4
Epilepsy,2,train_global,no_graph,current,hgnn_zero,train_all_fixed_50,0.861314,nan,0.862319,nan,nan,50,137,0,138,3,206,4
Epilepsy,0,train_global,no_graph,current,hgnn_zero,train_all_fixed_100,0.941606,nan,0.855072,nan,nan,100,137,0,138,3,206,4
Epilepsy,1,train_global,no_graph,current,hgnn_zero,train_all_fixed_100,0.948905,nan,0.913043,nan,nan,100,137,0,138,3,206,4
Epilepsy,2,train_global,no_graph,current,hgnn_zero,train_all_fixed_100,0.956204,nan,0.934783,nan,nan,100,137,0,138,3,206,4
Epilepsy,0,train_global,no_graph,current,lowN_channel_attn,current_split,0.990909,1.000000,0.905797,1.000000,11,11,110,27,138,3,206,4
Epilepsy,1,train_global,no_graph,current,lowN_channel_attn,current_split,0.990909,1.000000,0.971014,1.000000,8,8,110,27,138,3,206,4
Epilepsy,2,train_global,no_graph,current,lowN_channel_attn,current_split,0.963636,0.962963,0.942029,0.962963,7,7,110,27,138,3,206,4
Epilepsy,0,train_global,no_graph,current,lowN_channel_attn,stratified_split,0.981818,0.925926,0.884058,0.925926,1,1,110,27,138,3,206,4
Epilepsy,1,train_global,no_graph,current,lowN_channel_attn,stratified_split,0.981818,1.000000,0.963768,1.000000,1,1,110,27,138,3,206,4
Epilepsy,2,train_global,no_graph,current,lowN_channel_attn,stratified_split,0.900000,0.925926,0.891304,0.925926,1,1,110,27,138,3,206,4
Epilepsy,0,train_global,no_graph,current,lowN_channel_attn,retrain_trainval,0.262774,0.925926,0.268116,0.925926,1,1,137,27,138,3,206,4
Epilepsy,1,train_global,no_graph,current,lowN_channel_attn,retrain_trainval,0.218978,1.000000,0.231884,1.000000,1,1,137,27,138,3,206,4
Epilepsy,2,train_global,no_graph,current,lowN_channel_attn,retrain_trainval,0.270073,0.925926,0.275362,0.925926,1,1,137,27,138,3,206,4
Epilepsy,0,train_global,no_graph,current,lowN_channel_attn,train_all_fixed_50,0.985401,nan,0.905797,nan,nan,50,137,0,138,3,206,4
Epilepsy,1,train_global,no_graph,current,lowN_channel_attn,train_all_fixed_50,0.970803,nan,0.971014,nan,nan,50,137,0,138,3,206,4
Epilepsy,2,train_global,no_graph,current,lowN_channel_attn,train_all_fixed_50,0.941606,nan,0.898551,nan,nan,50,137,0,138,3,206,4
Epilepsy,0,train_global,no_graph,current,lowN_channel_attn,train_all_fixed_100,0.992701,nan,0.949275,nan,nan,100,137,0,138,3,206,4
Epilepsy,1,train_global,no_graph,current,lowN_channel_attn,train_all_fixed_100,0.992701,nan,0.992754,nan,nan,100,137,0,138,3,206,4
Epilepsy,2,train_global,no_graph,current,lowN_channel_attn,train_all_fixed_100,0.992701,nan,0.963768,nan,nan,100,137,0,138,3,206,4
Libras,0,train_global,no_graph,current,hgnn_zero,current_split,0.263889,0.222222,0.233333,0.222222,1,1,144,36,180,2,45,15
Libras,1,train_global,no_graph,current,hgnn_zero,current_split,0.465278,0.361111,0.344444,0.361111,8,8,144,36,180,2,45,15
Libras,2,train_global,no_graph,current,hgnn_zero,current_split,0.388889,0.194444,0.266667,0.194444,1,1,144,36,180,2,45,15
Libras,0,train_global,no_graph,current,hgnn_zero,stratified_split,0.388889,0.333333,0.322222,0.333333,1,1,144,36,180,2,45,15
Libras,1,train_global,no_graph,current,hgnn_zero,stratified_split,0.562500,0.583333,0.400000,0.583333,13,13,144,36,180,2,45,15
Libras,2,train_global,no_graph,current,hgnn_zero,stratified_split,0.368056,0.305556,0.327778,0.305556,1,1,144,36,180,2,45,15
Libras,0,train_global,no_graph,current,hgnn_zero,retrain_trainval,0.094444,0.333333,0.072222,0.333333,1,1,180,36,180,2,45,15
Libras,1,train_global,no_graph,current,hgnn_zero,retrain_trainval,0.088889,0.583333,0.066667,0.583333,13,13,180,36,180,2,45,15
Libras,2,train_global,no_graph,current,hgnn_zero,retrain_trainval,0.077778,0.305556,0.088889,0.305556,1,1,180,36,180,2,45,15
Libras,0,train_global,no_graph,current,hgnn_zero,train_all_fixed_50,0.338889,nan,0.305556,nan,nan,50,180,0,180,2,45,15
Libras,1,train_global,no_graph,current,hgnn_zero,train_all_fixed_50,0.450000,nan,0.388889,nan,nan,50,180,0,180,2,45,15
Libras,2,train_global,no_graph,current,hgnn_zero,train_all_fixed_50,0.372222,nan,0.316667,nan,nan,50,180,0,180,2,45,15
Libras,0,train_global,no_graph,current,hgnn_zero,train_all_fixed_100,0.433333,nan,0.366667,nan,nan,100,180,0,180,2,45,15
Libras,1,train_global,no_graph,current,hgnn_zero,train_all_fixed_100,0.538889,nan,0.438889,nan,nan,100,180,0,180,2,45,15
Libras,2,train_global,no_graph,current,hgnn_zero,train_all_fixed_100,0.488889,nan,0.416667,nan,nan,100,180,0,180,2,45,15
Libras,0,train_global,no_graph,current,lowN_channel_attn,current_split,0.645833,0.527778,0.477778,0.527778,8,8,144,36,180,2,45,15
Libras,1,train_global,no_graph,current,lowN_channel_attn,current_split,0.618056,0.555556,0.438889,0.555556,3,3,144,36,180,2,45,15
Libras,2,train_global,no_graph,current,lowN_channel_attn,current_split,0.722222,0.472222,0.511111,0.472222,20,20,144,36,180,2,45,15
Libras,0,train_global,no_graph,current,lowN_channel_attn,stratified_split,0.708333,0.583333,0.527778,0.583333,10,10,144,36,180,2,45,15
Libras,1,train_global,no_graph,current,lowN_channel_attn,stratified_split,0.680556,0.638889,0.511111,0.638889,8,8,144,36,180,2,45,15
Libras,2,train_global,no_graph,current,lowN_channel_attn,stratified_split,0.708333,0.555556,0.555556,0.555556,16,16,144,36,180,2,45,15
Libras,0,train_global,no_graph,current,lowN_channel_attn,retrain_trainval,0.127778,0.583333,0.105556,0.583333,10,10,180,36,180,2,45,15
Libras,1,train_global,no_graph,current,lowN_channel_attn,retrain_trainval,0.088889,0.638889,0.077778,0.638889,8,8,180,36,180,2,45,15
Libras,2,train_global,no_graph,current,lowN_channel_attn,retrain_trainval,0.172222,0.555556,0.177778,0.555556,16,16,180,36,180,2,45,15
Libras,0,train_global,no_graph,current,lowN_channel_attn,train_all_fixed_50,0.600000,nan,0.466667,nan,nan,50,180,0,180,2,45,15
Libras,1,train_global,no_graph,current,lowN_channel_attn,train_all_fixed_50,0.588889,nan,0.416667,nan,nan,50,180,0,180,2,45,15
Libras,2,train_global,no_graph,current,lowN_channel_attn,train_all_fixed_50,0.583333,nan,0.483333,nan,nan,50,180,0,180,2,45,15
Libras,0,train_global,no_graph,current,lowN_channel_attn,train_all_fixed_100,0.816667,nan,0.694444,nan,nan,100,180,0,180,2,45,15
Libras,1,train_global,no_graph,current,lowN_channel_attn,train_all_fixed_100,0.822222,nan,0.672222,nan,nan,100,180,0,180,2,45,15
Libras,2,train_global,no_graph,current,lowN_channel_attn,train_all_fixed_100,0.772222,nan,0.644444,nan,nan,100,180,0,180,2,45,15
UWaveGestureLibrary,0,train_global,no_graph,current,hgnn_zero,current_split,0.416667,0.375000,0.368750,0.375000,1,1,96,24,320,3,315,8
UWaveGestureLibrary,1,train_global,no_graph,current,hgnn_zero,current_split,0.572917,0.583333,0.487500,0.583333,1,1,96,24,320,3,315,8
UWaveGestureLibrary,2,train_global,no_graph,current,hgnn_zero,current_split,0.697917,0.375000,0.475000,0.375000,18,18,96,24,320,3,315,8
UWaveGestureLibrary,0,train_global,no_graph,current,hgnn_zero,stratified_split,0.531250,0.458333,0.415625,0.458333,5,5,96,24,320,3,315,8
UWaveGestureLibrary,1,train_global,no_graph,current,hgnn_zero,stratified_split,0.583333,0.583333,0.471875,0.583333,1,1,96,24,320,3,315,8
UWaveGestureLibrary,2,train_global,no_graph,current,hgnn_zero,stratified_split,0.572917,0.500000,0.428125,0.500000,1,1,96,24,320,3,315,8
UWaveGestureLibrary,0,train_global,no_graph,current,hgnn_zero,retrain_trainval,0.133333,0.458333,0.128125,0.458333,5,5,120,24,320,3,315,8
UWaveGestureLibrary,1,train_global,no_graph,current,hgnn_zero,retrain_trainval,0.125000,0.583333,0.125000,0.583333,1,1,120,24,320,3,315,8
UWaveGestureLibrary,2,train_global,no_graph,current,hgnn_zero,retrain_trainval,0.125000,0.500000,0.125000,0.500000,1,1,120,24,320,3,315,8
UWaveGestureLibrary,0,train_global,no_graph,current,hgnn_zero,train_all_fixed_50,0.533333,nan,0.434375,nan,nan,50,120,0,320,3,315,8
UWaveGestureLibrary,1,train_global,no_graph,current,hgnn_zero,train_all_fixed_50,0.566667,nan,0.471875,nan,nan,50,120,0,320,3,315,8
UWaveGestureLibrary,2,train_global,no_graph,current,hgnn_zero,train_all_fixed_50,0.608333,nan,0.453125,nan,nan,50,120,0,320,3,315,8
UWaveGestureLibrary,0,train_global,no_graph,current,hgnn_zero,train_all_fixed_100,0.691667,nan,0.553125,nan,nan,100,120,0,320,3,315,8
UWaveGestureLibrary,1,train_global,no_graph,current,hgnn_zero,train_all_fixed_100,0.725000,nan,0.578125,nan,nan,100,120,0,320,3,315,8
UWaveGestureLibrary,2,train_global,no_graph,current,hgnn_zero,train_all_fixed_100,0.708333,nan,0.568750,nan,nan,100,120,0,320,3,315,8
UWaveGestureLibrary,0,train_global,no_graph,current,lowN_channel_attn,current_split,0.697917,0.625000,0.615625,0.625000,22,22,96,24,320,3,315,8
UWaveGestureLibrary,1,train_global,no_graph,current,lowN_channel_attn,current_split,0.895833,0.708333,0.693750,0.708333,43,43,96,24,320,3,315,8
UWaveGestureLibrary,2,train_global,no_graph,current,lowN_channel_attn,current_split,0.531250,0.458333,0.453125,0.458333,1,1,96,24,320,3,315,8
UWaveGestureLibrary,0,train_global,no_graph,current,lowN_channel_attn,stratified_split,0.812500,0.916667,0.703125,0.916667,24,24,96,24,320,3,315,8
UWaveGestureLibrary,1,train_global,no_graph,current,lowN_channel_attn,stratified_split,0.864583,0.666667,0.653125,0.666667,25,25,96,24,320,3,315,8
UWaveGestureLibrary,2,train_global,no_graph,current,lowN_channel_attn,stratified_split,0.916667,0.833333,0.681250,0.833333,18,18,96,24,320,3,315,8
UWaveGestureLibrary,0,train_global,no_graph,current,lowN_channel_attn,retrain_trainval,0.183333,0.916667,0.150000,0.916667,24,24,120,24,320,3,315,8
UWaveGestureLibrary,1,train_global,no_graph,current,lowN_channel_attn,retrain_trainval,0.150000,0.666667,0.162500,0.666667,25,25,120,24,320,3,315,8
UWaveGestureLibrary,2,train_global,no_graph,current,lowN_channel_attn,retrain_trainval,0.150000,0.833333,0.143750,0.833333,18,18,120,24,320,3,315,8
UWaveGestureLibrary,0,train_global,no_graph,current,lowN_channel_attn,train_all_fixed_50,0.608333,nan,0.553125,nan,nan,50,120,0,320,3,315,8
UWaveGestureLibrary,1,train_global,no_graph,current,lowN_channel_attn,train_all_fixed_50,0.583333,nan,0.462500,nan,nan,50,120,0,320,3,315,8
UWaveGestureLibrary,2,train_global,no_graph,current,lowN_channel_attn,train_all_fixed_50,0.616667,nan,0.512500,nan,nan,50,120,0,320,3,315,8
UWaveGestureLibrary,0,train_global,no_graph,current,lowN_channel_attn,train_all_fixed_100,0.883333,nan,0.743750,nan,nan,100,120,0,320,3,315,8
UWaveGestureLibrary,1,train_global,no_graph,current,lowN_channel_attn,train_all_fixed_100,0.908333,nan,0.765625,nan,nan,100,120,0,320,3,315,8
UWaveGestureLibrary,2,train_global,no_graph,current,lowN_channel_attn,train_all_fixed_100,0.883333,nan,0.687500,nan,nan,100,120,0,320,3,315,8
