dataset,relation_mode,train_protocol,mean_test_acc,std_test_acc,mean_best_val_acc,std_best_val_acc,mean_best_epoch,mean_final_epoch
BasicMotions,hgnn_zero,current_split,0.883333,0.087797,1.000000,0.000000,1.000000,1.000000
BasicMotions,hgnn_zero,retrain_trainval,0.250000,0.000000,1.000000,0.000000,1.000000,1.000000
BasicMotions,hgnn_zero,stratified_split,0.900000,0.066144,1.000000,0.000000,1.000000,1.000000
BasicMotions,hgnn_zero,train_all_fixed_100,1.000000,0.000000,nan,nan,nan,100.000000
BasicMotions,hgnn_zero,train_all_fixed_50,0.991667,0.014434,nan,nan,nan,50.000000
BasicMotions,lowN_channel_attn,current_split,0.883333,0.087797,1.000000,0.000000,1.000000,1.000000
BasicMotions,lowN_channel_attn,retrain_trainval,0.250000,0.000000,1.000000,0.000000,1.000000,1.000000
BasicMotions,lowN_channel_attn,stratified_split,0.900000,0.066144,1.000000,0.000000,1.000000,1.000000
BasicMotions,lowN_channel_attn,train_all_fixed_100,1.000000,0.000000,nan,nan,nan,100.000000
BasicMotions,lowN_channel_attn,train_all_fixed_50,0.991667,0.014434,nan,nan,nan,50.000000
Cricket,hgnn_zero,current_split,0.638889,0.050078,0.587302,0.072739,4.666667,4.666667
Cricket,hgnn_zero,retrain_trainval,0.305556,0.210177,0.841270,0.099127,14.666667,14.666667
Cricket,hgnn_zero,stratified_split,0.717593,0.149803,0.841270,0.099127,14.666667,14.666667
Cricket,hgnn_zero,train_all_fixed_100,0.856481,0.028912,nan,nan,nan,100.000000
Cricket,hgnn_zero,train_all_fixed_50,0.541667,0.097222,nan,nan,nan,50.000000
Cricket,lowN_channel_attn,current_split,0.638889,0.050078,0.587302,0.072739,4.666667,4.666667
Cricket,lowN_channel_attn,retrain_trainval,0.305556,0.210177,0.841270,0.099127,14.666667,14.666667
Cricket,lowN_channel_attn,stratified_split,0.717593,0.149803,0.841270,0.099127,14.666667,14.666667
Cricket,lowN_channel_attn,train_all_fixed_100,0.856481,0.028912,nan,nan,nan,100.000000
Cricket,lowN_channel_attn,train_all_fixed_50,0.541667,0.097222,nan,nan,nan,50.000000
ERing,hgnn_zero,current_split,0.430864,0.222757,0.500000,0.288675,1.000000,1.000000
ERing,hgnn_zero,retrain_trainval,0.190124,0.011315,0.888889,0.192450,1.000000,1.000000
ERing,hgnn_zero,stratified_split,0.700000,0.059606,0.888889,0.192450,1.000000,1.000000
ERing,hgnn_zero,train_all_fixed_100,0.749383,0.018270,nan,nan,nan,100.000000
ERing,hgnn_zero,train_all_fixed_50,0.681481,0.096509,nan,nan,nan,50.000000
ERing,lowN_channel_attn,current_split,0.428395,0.133351,0.444444,0.192450,1.000000,1.000000
ERing,lowN_channel_attn,retrain_trainval,0.148148,0.016144,0.611111,0.096225,1.333333,1.333333
ERing,lowN_channel_attn,stratified_split,0.567901,0.115609,0.611111,0.096225,1.333333,1.333333
ERing,lowN_channel_attn,train_all_fixed_100,0.949383,0.011906,nan,nan,nan,100.000000
ERing,lowN_channel_attn,train_all_fixed_50,0.722222,0.042066,nan,nan,nan,50.000000
Epilepsy,hgnn_zero,current_split,0.845411,0.042460,0.888889,0.097991,1.000000,1.000000
Epilepsy,hgnn_zero,retrain_trainval,0.195652,0.064407,0.839506,0.077099,1.000000,1.000000
Epilepsy,hgnn_zero,stratified_split,0.828502,0.072584,0.839506,0.077099,1.000000,1.000000
Epilepsy,hgnn_zero,train_all_fixed_100,0.900966,0.041205,nan,nan,nan,100.000000
Epilepsy,hgnn_zero,train_all_fixed_50,0.852657,0.037186,nan,nan,nan,50.000000
Epilepsy,lowN_channel_attn,current_split,0.939613,0.032676,0.987654,0.021383,8.666667,8.666667
Epilepsy,lowN_channel_attn,retrain_trainval,0.258454,0.023294,0.950617,0.042767,1.000000,1.000000
Epilepsy,lowN_channel_attn,stratified_split,0.913043,0.044078,0.950617,0.042767,1.000000,1.000000
Epilepsy,lowN_channel_attn,train_all_fixed_100,0.968599,0.022138,nan,nan,nan,100.000000
Epilepsy,lowN_channel_attn,train_all_fixed_50,0.925121,0.039910,nan,nan,nan,50.000000
Libras,hgnn_zero,current_split,0.281481,0.057018,0.259259,0.089293,3.333333,3.333333
Libras,hgnn_zero,retrain_trainval,0.075926,0.011565,0.407407,0.152988,5.000000,5.000000
Libras,hgnn_zero,stratified_split,0.350000,0.043390,0.407407,0.152988,5.000000,5.000000
Libras,hgnn_zero,train_all_fixed_100,0.407408,0.036991,nan,nan,nan,100.000000
Libras,hgnn_zero,train_all_fixed_50,0.337037,0.045247,nan,nan,nan,50.000000
Libras,lowN_channel_attn,current_split,0.475926,0.036147,0.518519,0.042432,10.333333,10.333333
Libras,lowN_channel_attn,retrain_trainval,0.120371,0.051620,0.592593,0.042431,11.333333,11.333333
Libras,lowN_channel_attn,stratified_split,0.531482,0.022453,0.592593,0.042431,11.333333,11.333333
Libras,lowN_channel_attn,train_all_fixed_100,0.670370,0.025051,nan,nan,nan,100.000000
Libras,lowN_channel_attn,train_all_fixed_50,0.455556,0.034694,nan,nan,nan,50.000000
UWaveGestureLibrary,hgnn_zero,current_split,0.443750,0.065252,0.444444,0.120281,6.666667,6.666667
UWaveGestureLibrary,hgnn_zero,retrain_trainval,0.126042,0.001804,0.513889,0.063647,2.333333,2.333333
UWaveGestureLibrary,hgnn_zero,stratified_split,0.438542,0.029536,0.513889,0.063647,2.333333,2.333333
UWaveGestureLibrary,hgnn_zero,train_all_fixed_100,0.566667,0.012630,nan,nan,nan,100.000000
UWaveGestureLibrary,hgnn_zero,train_all_fixed_50,0.453125,0.018750,nan,nan,nan,50.000000
UWaveGestureLibrary,lowN_channel_attn,current_split,0.587500,0.122753,0.597222,0.127294,22.000000,22.000000
UWaveGestureLibrary,lowN_channel_attn,retrain_trainval,0.152083,0.009547,0.805556,0.127294,22.333333,22.333333
UWaveGestureLibrary,lowN_channel_attn,stratified_split,0.679167,0.025065,0.805556,0.127294,22.333333,22.333333
UWaveGestureLibrary,lowN_channel_attn,train_all_fixed_100,0.732292,0.040303,nan,nan,nan,100.000000
UWaveGestureLibrary,lowN_channel_attn,train_all_fixed_50,0.509375,0.045393,nan,nan,nan,50.000000
