dataset,mode,model,acc,f1
condition,flat,LogisticRegression,1.0000,1.0000
condition,flat,RandomForest,1.0000,1.0000
condition,flat,SVM_RBF,0.9977,0.9977
condition,flat,KNN_k5,1.0000,1.0000
condition,flat,GradientBoosting,1.0000,1.0000
condition,period,LogisticRegression,0.9977,0.9977
condition,period,RandomForest,1.0000,1.0000
condition,period,SVM_RBF,1.0000,1.0000
condition,period,KNN_k5,0.9977,0.9977
condition,period,GradientBoosting,1.0000,1.0000
FingerMovements,flat,LogisticRegression,0.6600,0.6578
FingerMovements,flat,RandomForest,0.5500,0.5478
FingerMovements,flat,SVM_RBF,0.5600,0.5572
FingerMovements,flat,KNN_k5,0.5900,0.5900
FingerMovements,flat,GradientBoosting,0.5800,0.5785
FingerMovements,period,LogisticRegression,0.6000,0.5974
FingerMovements,period,RandomForest,0.5100,0.5096
FingerMovements,period,SVM_RBF,0.4700,0.4699
FingerMovements,period,KNN_k5,0.5300,0.5277
FingerMovements,period,GradientBoosting,0.4900,0.4887
output_gear,flat,LogisticRegression,ERR,"Input X contains NaN.
LogisticRegression"
output_gear,flat,RandomForest,0.0000,0.0000
output_gear,flat,SVM_RBF,ERR,"Input X contains NaN.
SVC does not accep"
output_gear,flat,KNN_k5,ERR,"Input X contains NaN.
KNeighborsClassifi"
output_gear,flat,GradientBoosting,ERR,"Input X contains NaN.
GradientBoostingCl"
output_gear,period,LogisticRegression,ERR,"Input X contains NaN.
LogisticRegression"
output_gear,period,RandomForest,0.0000,0.0000
output_gear,period,SVM_RBF,ERR,"Input X contains NaN.
SVC does not accep"
output_gear,period,KNN_k5,ERR,"Input X contains NaN.
KNeighborsClassifi"
output_gear,period,GradientBoosting,ERR,"Input X contains NaN.
GradientBoostingCl"
NATOPS,flat,LogisticRegression,0.8944,0.8965
NATOPS,flat,RandomForest,0.8500,0.8493
NATOPS,flat,SVM_RBF,0.8056,0.8101
NATOPS,flat,KNN_k5,0.8000,0.8053
NATOPS,flat,GradientBoosting,0.7333,0.7453
NATOPS,period,LogisticRegression,0.9056,0.9072
NATOPS,period,RandomForest,0.8556,0.8560
NATOPS,period,SVM_RBF,0.8000,0.8053
NATOPS,period,KNN_k5,0.7833,0.7880
NATOPS,period,GradientBoosting,0.7778,0.7841
ERing,flat,LogisticRegression,0.9556,0.9557
ERing,flat,RandomForest,0.9407,0.9404
ERing,flat,SVM_RBF,0.9296,0.9294
ERing,flat,KNN_k5,0.9296,0.9292
ERing,flat,GradientBoosting,0.7370,0.7324
ERing,period,LogisticRegression,0.9222,0.9220
ERing,period,RandomForest,0.9185,0.9187
ERing,period,SVM_RBF,0.9185,0.9189
ERing,period,KNN_k5,0.8704,0.8692
ERing,period,GradientBoosting,0.6963,0.6925
SelfRegulationSCP2,flat,LogisticRegression,0.4611,0.4610
SelfRegulationSCP2,flat,RandomForest,0.4944,0.4941
SelfRegulationSCP2,flat,SVM_RBF,0.5278,0.5274
SelfRegulationSCP2,flat,KNN_k5,0.4889,0.4848
SelfRegulationSCP2,flat,GradientBoosting,0.5111,0.5096
SelfRegulationSCP2,period,LogisticRegression,0.5278,0.5278
SelfRegulationSCP2,period,RandomForest,0.5389,0.5372
SelfRegulationSCP2,period,SVM_RBF,0.5389,0.5389
SelfRegulationSCP2,period,KNN_k5,0.5556,0.5542
SelfRegulationSCP2,period,GradientBoosting,0.5167,0.5133
HandMovementDirection,flat,LogisticRegression,0.5811,0.5719
HandMovementDirection,flat,RandomForest,0.4730,0.4548
HandMovementDirection,flat,SVM_RBF,0.5405,0.5267
HandMovementDirection,flat,KNN_k5,0.3514,0.3501
HandMovementDirection,flat,GradientBoosting,0.3108,0.3081
HandMovementDirection,period,LogisticRegression,0.3378,0.3453
HandMovementDirection,period,RandomForest,0.2973,0.2796
HandMovementDirection,period,SVM_RBF,0.2973,0.3018
HandMovementDirection,period,KNN_k5,0.3108,0.2709
HandMovementDirection,period,GradientBoosting,0.2703,0.2634
BasicMotions,flat,LogisticRegression,0.7250,0.7000
BasicMotions,flat,RandomForest,0.9250,0.9246
BasicMotions,flat,SVM_RBF,0.8500,0.8465
BasicMotions,flat,KNN_k5,0.3250,0.2311
BasicMotions,flat,GradientBoosting,0.7500,0.7370
BasicMotions,period,LogisticRegression,0.8000,0.8083
BasicMotions,period,RandomForest,0.9000,0.8990
BasicMotions,period,SVM_RBF,0.9000,0.9015
BasicMotions,period,KNN_k5,0.6500,0.6123
BasicMotions,period,GradientBoosting,0.6000,0.5948
Epilepsy,flat,LogisticRegression,0.6522,0.6253
Epilepsy,flat,RandomForest,0.7899,0.7795
Epilepsy,flat,SVM_RBF,0.8406,0.8265
Epilepsy,flat,KNN_k5,0.5217,0.4256
Epilepsy,flat,GradientBoosting,0.7464,0.7408
Epilepsy,period,LogisticRegression,0.2754,0.2547
Epilepsy,period,RandomForest,0.7391,0.7429
Epilepsy,period,SVM_RBF,0.5942,0.5939
Epilepsy,period,KNN_k5,0.5580,0.5357
Epilepsy,period,GradientBoosting,0.6377,0.6331
UWaveGestureLibrary,flat,LogisticRegression,0.7812,0.7816
UWaveGestureLibrary,flat,RandomForest,0.8688,0.8687
UWaveGestureLibrary,flat,SVM_RBF,0.8719,0.8714
UWaveGestureLibrary,flat,KNN_k5,0.8750,0.8737
UWaveGestureLibrary,flat,GradientBoosting,0.6594,0.6587
UWaveGestureLibrary,period,LogisticRegression,0.5219,0.5163
UWaveGestureLibrary,period,RandomForest,0.5750,0.5774
UWaveGestureLibrary,period,SVM_RBF,0.5188,0.5107
UWaveGestureLibrary,period,KNN_k5,0.5062,0.4948
UWaveGestureLibrary,period,GradientBoosting,0.5000,0.5018
Cricket,flat,LogisticRegression,0.9306,0.9260
Cricket,flat,RandomForest,0.9028,0.9005
Cricket,flat,SVM_RBF,0.9444,0.9430
Cricket,flat,KNN_k5,0.9167,0.9121
Cricket,flat,GradientBoosting,0.5278,0.4971
Cricket,period,LogisticRegression,0.8472,0.8397
Cricket,period,RandomForest,0.8194,0.8061
Cricket,period,SVM_RBF,0.8472,0.8474
Cricket,period,KNN_k5,0.7917,0.7772
Cricket,period,GradientBoosting,0.6528,0.6356
Libras,flat,LogisticRegression,0.7778,0.7707
Libras,flat,RandomForest,0.7333,0.7346
Libras,flat,SVM_RBF,0.7333,0.7159
Libras,flat,KNN_k5,0.6278,0.6249
Libras,flat,GradientBoosting,0.6556,0.6497
Libras,period,LogisticRegression,0.7111,0.6992
Libras,period,RandomForest,0.8000,0.7957
Libras,period,SVM_RBF,0.7278,0.7226
Libras,period,KNN_k5,0.6278,0.6145
Libras,period,GradientBoosting,0.5833,0.5829
AtrialFibrillation,flat,LogisticRegression,0.4000,0.3444
AtrialFibrillation,flat,RandomForest,0.2000,0.1818
AtrialFibrillation,flat,SVM_RBF,0.5333,0.4850
AtrialFibrillation,flat,KNN_k5,0.4000,0.3205
AtrialFibrillation,flat,GradientBoosting,0.3333,0.2667
AtrialFibrillation,period,LogisticRegression,0.2667,0.2095
AtrialFibrillation,period,RandomForest,0.2667,0.2095
AtrialFibrillation,period,SVM_RBF,0.2667,0.2645
AtrialFibrillation,period,KNN_k5,0.3333,0.2762
AtrialFibrillation,period,GradientBoosting,0.2667,0.2323
